d6f4bfa678c9f1161aae6ccf3299581eaa95a771,6c7095e544d,09383fb3944,None,android13,android-security-13.0.0_r14
6c7095e544d7681cf5325fb042cc1a39f4f9d05a,735ab084f19,90881feda15,None,android13,android-security-13.0.0_r13
735ab084f19a936dd259c0f9a51b6f7abc4fa19c,9dd83c83ad6,d203ccf2f9f,None,android13,android-security-13.0.0_r12
9dd83c83ad65f636c07b0037d89fe9ae85b373a0,c7bc1ffd9f1,5c8d1d9774e,None,android13,android-13.0.0_r83
c7bc1ffd9f17888bcebcf0d010083499909f27ad,02cd3d5154e,51640edd49c,None,android13,android-security-13.0.0_r11
f1949eac1d19f7d7bf5209d075a19d87f67d27ff,546fd13c6f1,08f9c383738,None,android13,android-security-13.0.0_r10
32ad50ce9a05c625921e87b877f2801da4dab40b,3ba362dbbaa,0ddbc3bcc63,None,android13,android-13.0.0_r76
3ba362dbbaa1d6319de0e8ffff03c0acbe76d9f9,6db75abbfc4,292f896457b,None,android13,android-13.0.0_r75
7e0b40ee7d0b4239a1becaf6f8b01693463a65e8,840a15b39fd,3e09cce1f8f,None,android13,android-security-13.0.0_r10
840a15b39fd720a077e075bb494f9d38f8f0aa08,e029acbc95e,593ee4d787b,None,android13,android-security-13.0.0_r10
ae1a09d2abfe8a13ab6d2aba5a5089766e4a197d,8db379e7638,33643dd3de9,None,android13,android-13.0.0_r72
8db379e763843c338ba6e51e6c8dccc3c1d2acfb,b103f842965,0c0d251edfa,None,android13,android-13.0.0_r71
b103f8429655c89ec68adaf752eee0ac447682ba,b9793af72fc,7c8d5d55b2b,None,android13,android-13.0.0_r67
df01e40d95f138100382208841efae354e4844db,a105b5533ed,5a784587704,None,android13,android-13.0.0_r58
6bbdeac82196c31c31a4428b00b3aefe5f5adf45,b13ed199a76,1d56c58117a,None,android13,android-13.0.0_r63
b13ed199a763fcb6a4e4084c804a7dfa808d0ace,d0e94d8b648,3169dfcf37e,None,android13,android-13.0.0_r61
42803229a71b47a28ef777291f8c629ad98b0238,c53f78e1b5a,07d7e334273,None,android13,android-13.0.0_r52
9b6d2c9a72ab471cd5c548ba0ae9e63c63c0d144,6cf55a0682d,87725c3faa3,None,android13,android-13.0.0_r43
d80ee83df951c1f1faae84e1f5d67c13f6efebe2,97f8558328e,cdc63a6b182,None,android13,android-13.0.0_r41
1ab0b23a1d46b60a76015f090ada435f10bc9ecd,78b50b7a412,af0429f7c33,None,android13,android-13.0.0_r35
d5e9f1a5ebdf3eb4d3904d9a4e4bb269b23dc062,d44bff4fc73,c0061031eb3,None,android13,android-13.0.0_r30
f08b73c00298f53bec1b87401387664c04d98011,bae7a8ca4e1,324a1c31a79,None,android13,android-13.0.0_r20
8a3fc87179eb4857cbde71ef0a7acc1d9189e2e6,d59502d1182,7556c20276d,None,android13,android-13.0.0_r16
89cff0a60fe45d0f8c5230af7a4c735e7ad849d1,333136d38a0,5ded4e967b0,None,android13,android-13.0.0_r13
72ae328c0ea598eaf6e115a44520b2e7f3cc9eba,0507572f7ac,cf4d533abf6,None,android13,android-13.0.0_r11
eb9a62c815db03fdfba43d3dac25ce4d5c577d7d,76485abb36d,53eadee33b5,None,android13,android-13.0.0_r4
6a74ea4d7188e9af88e92460aef3668043eb6801,d81a66b0d6b,bff944d05cd,None,android13,android-13.0.0_r3
